{
    "training_metrics": {
        "accuracy": [
            1,
            0,
            0,
            0,
            0,
            0,
            1,
            1,
            1,
            1,
            1,
            1,
            0,
            1,
            0,
            0
        ],
        "confidence": [
            0.88,
            0.9168000000000001,
            0.6710405643738977,
            0.641408,
            0.6520937263794405,
            0.6933333333333335,
            0.936186,
            0.894144,
            0.9597656785714286,
            0.6400000000000002,
            0.6400260063492066,
            0.6400000537982874,
            0.6400001758241758,
            0.6404364081632654,
            0.6401827200479832,
            0.8
        ],
        "hyperparameters": {
            "trust_ontology": 0.8,
            "trust_llm": 0.8,
            "trust_llm_vedant": 0.7
        },
        "predictions": [
            false,
            false,
            false,
            false,
            false,
            false,
            false,
            false,
            false,
            false,
            false,
            false,
            false,
            false,
            false,
            false
        ],
        "true_labels": [
            false,
            true,
            true,
            true,
            true,
            true,
            false,
            false,
            false,
            false,
            false,
            false,
            true,
            false,
            true,
            true
        ],
        "avg_accuracy": 0.5,
        "avg_confidence": 0.7428385416775638,
        "true_positive_rate": 0.0,
        "false_positive_rate": 0.0,
        "false_negative_rate": 1.0,
        "precision": 0,
        "false_discovery_rate": 0,
        "specificity": 1.0,
        "balanced_accuracy": 0.5
    },
    "final_hyperparameters": {
        "trust_ontology": 0.8,
        "trust_llm": 0.8,
        "trust_llm_vedant": 0.7
    },
    "test_metrics": {
        "accuracy": [
            1,
            0,
            1,
            1
        ],
        "confidence": [
            0.6400026217569413,
            0.8,
            0.6400018739869282,
            0.6994135802469137
        ],
        "predictions": [
            false,
            false,
            false,
            false
        ],
        "true_labels": [
            false,
            true,
            false,
            false
        ],
        "true_positives": 0,
        "false_positives": 0,
        "true_negatives": 3,
        "false_negatives": 1,
        "final_accuracy": 0.75,
        "avg_confidence": 0.6948545189976958,
        "true_positive_rate": 0.0,
        "false_positive_rate": 0.0,
        "false_negative_rate": 1.0,
        "precision": 0,
        "false_discovery_rate": 0,
        "specificity": 1.0,
        "balanced_accuracy": 0.5
    }
}